temperature,humidity,occupancy,consumption
23.09668867199704,43.616630914267596,1,116.90767498221982
20.27568778677873,41.482382451480895,1,118.66096683591984
24.942456032806454,45.0225775240875,0,110.21110901530508
26.98980455370166,67.44353649025092,1,87.15783308767992
28.35141541924134,48.70360779519963,0,104.04129557714619
22.462745161199294,40.83301584445395,0,80.54269276550701
23.634114415950023,54.88347590415474,1,107.21349819227956
24.747571118304677,67.98233363428582,0,97.56270145591478
24.720864534377043,46.661175997671215,0,82.39221978427071
21.155901728352596,63.9217177056074,0,118.91235602150812
25.015565655182403,68.80669756055565,0,117.98101978570023
25.038987809017623,69.39258244586674,0,106.61067600389319
24.223148564161313,47.43343604819296,1,118.31033230004064
20.874514559873333,65.09721166132432,1,99.2369246080609
27.526569158345772,68.36269689967311,0,103.63562843051298
25.237286031504393,58.619136957048596,0,86.58041096314822
25.873064321924513,62.07485563128911,1,116.85317604225526
22.507571384292916,60.34410939973552,1,92.71112449570091
26.626234587830076,62.827381763384864,0,102.61428785146413
29.527052399655126,52.30893251000352,0,105.15980591436642
25.26815207400475,55.4987369079486,0,108.396644898604
27.59343109511615,58.210688278318074,1,91.18226340083538
27.5073260576096,42.26880438494235,1,97.97162956475512
21.36889057584863,63.48894003103669,0,115.78073660099433
26.76756589335845,57.2806128462404,1,115.23826121772579
20.2137921155149,40.421581191671756,1,106.49124235786607
20.122782806822546,62.59747824920532,0,117.65852274960857
28.384498846420612,69.4935250992338,0,113.0435598379172
28.697528788899607,52.211123267262025,0,114.29786190221525
22.033433901211616,43.480299967642935,1,104.24607532370548
27.346003583552665,57.733933563093714,1,83.99607715629972
21.47987520318115,62.37085091458384,1,85.74889558143205
21.83679847074393,58.44342118232713,0,108.33018733086668
29.135146724629735,49.519453529157516,1,107.02528751887101
24.268055151606607,45.06475182730182,0,118.89960786502499
22.164623891319742,67.97794551429006,0,81.93035548093229
20.548516646648633,46.80497589525473,1,87.01743410521692
20.900011269944073,61.256763541964865,1,110.00650539491136
26.83719851634448,56.918333147653414,1,86.18486250682615
25.06009869368315,43.262982492128366,0,93.62826856664752
29.06114729529126,42.016500814306255,0,119.8624993278935
20.03406346786251,51.575688874887696,0,99.66825550638214
26.25777245680522,62.349536424032294,0,80.09390422959244
24.76042775378329,46.780895731746895,0,82.01459090620122
27.219655686656115,62.85749703259415,0,84.43097322939924
29.42896077345422,60.37201220334464,1,98.85449841663024
28.374501873892505,62.11805809522551,0,96.10418858080459
25.969132151028592,59.46702774667707,1,108.08261086557145
25.59929248122471,64.64017942126571,0,88.31084428839591
24.527402415067268,47.12571907648355,0,95.48893057168725
27.45065376487888,43.44211354124475,0,107.1697688924415
29.81191547661923,41.43713799959771,1,118.07483292316851
23.853771879862144,48.75101040548195,1,107.68024246618762
26.202974465847348,50.06135613292387,1,96.10574334054667
28.16367469078032,40.090125884793906,0,83.69939647197491
21.51778334977126,63.23874913226732,0,114.4581989697214
29.70397784110165,54.12813992437348,1,84.16077524859536
20.047478071457938,50.72293580010577,1,103.32070949837743
24.09087200831221,57.84774434776327,0,116.42725373573748
22.08961614099726,42.181753360923345,1,100.69773650635717
22.576173273143283,49.05937909087166,0,90.05893916330832
23.282898383108652,59.374861387581234,0,95.77232759570579
20.940949711552733,65.28182411180792,0,97.67920817914316
21.920919715534687,45.08248350791941,1,88.26945339860181
28.903094343167815,66.04110272768813,0,90.21563565532327
22.89132357174827,60.77049861215369,1,104.41458140167319
25.070846586322183,68.4923838642654,0,98.44861973018021
23.561602493114954,64.13507086483493,0,88.19894502784362
27.571625379496652,56.1548166290287,0,109.52757922210756
21.58730024509223,51.955593817381185,0,115.02935607711574
25.27159709592791,48.4402541188781,1,100.77995443502607
24.047416944433955,42.18111491881213,0,113.06216149561735
27.56950577138833,40.561825696343554,1,90.52123321550361
26.301430777813593,68.3568305294918,0,92.41481532954816
25.33310348550019,48.94695900214918,0,94.68144201841805
25.942588190705962,58.6961560148309,1,93.67004529938772
21.156677058285666,68.69898720417817,1,85.61214765837504
24.725958938657747,43.99163291185482,1,102.70284361622029
27.635207927784172,40.65662393493602,1,100.21265201823965
25.253426446692284,60.82713474484827,0,86.22377044112304
23.104400612387376,46.101237046230295,0,87.23600455596907
21.1333348367282,53.906806600606636,1,108.02048205866085
24.64259414572391,46.3036812955075,0,106.62757660210102
23.189985344133017,40.40058904296331,0,87.72155601129653
22.200444608757376,60.81631812849519,0,112.19486059234754
21.417114930731415,55.80243910517179,0,101.73779074145824
25.994560701604357,57.24006225293749,1,102.23124684567783
28.780878639326527,50.32616033135969,0,86.70681291756911
21.962786555078573,42.06146714762768,0,80.64377321492488
20.03333762997783,64.6331543291334,1,103.05952003600173
29.57680378469349,66.8357091874632,0,88.38367023404605
28.198435286069227,44.47128682735956,1,88.75180981895114
21.539784751796695,63.16684138899923,1,105.111170973784
21.767815485030837,63.60267945125588,1,81.34786968456785
27.69925309764717,49.98860510624977,1,91.74313091344968
28.567801839132212,58.379909958130966,0,119.1089184289091
28.80435102421288,66.0535074797171,1,112.86501464456306
22.176299697290148,49.35032253411078,0,94.32123266601434
20.990571536634036,63.73684315386161,1,100.88270285623004
23.78667880890439,64.92838635298675,0,108.07122795245695
21.475758352666293,65.40768753119715,1,102.23458902688273
23.959668610831066,69.06112548772701,0,115.42866721883827
20.77002068346335,44.60002061484546,1,84.57721440610445
28.835440908395995,52.5267552804484,1,85.99291640533808
27.02548777750806,51.65274311687794,1,88.9075695265287
29.956779222141652,40.45886191991697,0,87.30040679947578
25.64021227787786,56.96220501732526,1,113.06832435517686
22.134550028044057,61.203684108258614,0,88.68660039199654
20.68799667178815,47.617133326808194,1,100.73361957281625
26.990572928940395,57.12938010449329,0,119.50136371824141
24.22150377902007,50.8674206841702,0,116.64665962988772
23.387610710593137,59.12888161106725,0,95.29103713795921
24.005985744477318,64.93422715325674,0,109.14896564328967
24.61871508324899,64.71873737715175,1,93.32606341925255
23.493724052361046,50.31648461372936,0,99.7242357924026
25.158078164271892,66.25262904878151,0,118.62925788658964
29.283511556588177,57.33929213373202,1,91.91824932848658
25.636455366700062,51.64579452193789,1,117.60485170514178
27.80598614196731,44.15987974892954,0,94.59882823672777
27.213446793033818,40.17479703807413,1,100.32517267367228
26.55564877582161,49.4787785531403,0,117.5908249578003
25.181212536412332,40.56049718395933,1,82.00561645855662
21.753404766012018,62.58492441786494,1,118.63000198205256
25.20335147802487,68.56228819020497,0,96.72598840198663
25.86258758084325,68.45288564819167,0,112.43587230729754
26.055501585772745,47.29597137998914,1,110.93067541280934
26.157686557392342,48.47339128577537,0,115.31790976178118
25.325953487847432,53.470883431264944,0,116.86035074111788
28.373644256201374,56.432855940735436,0,115.31557709083228
25.102754949402076,46.66953492848275,1,99.13850441428741
23.015202559612277,67.53970673906001,0,109.61126075048487
27.42128434526039,42.01656694788038,1,111.12683056402912
28.947463012955467,59.85239241673064,0,117.7017188987855
23.266767868262534,40.61400697945257,1,92.19066141558949
21.432424443740942,42.138867909519185,0,108.61519182183685
28.630446267310433,61.89892381798279,1,110.04239550955789
29.598809143447603,57.38295081754855,0,119.01714616214973
22.339433384372335,40.07199134736762,1,107.13641296006936
29.563365224171477,58.9734877461501,0,94.99403203919637
27.552983329995826,48.45175041631442,0,106.25517057087461
23.33115202211409,65.58312067006794,1,100.82036766183046
26.815014001960904,59.90324126273542,1,102.64829722163192
21.691831896394152,44.46122956785058,0,87.36248728979301
22.65636809840133,57.29358132939659,0,83.09602053616962
28.325952609191013,48.02314921184495,1,87.27487172304802
27.61518797070977,45.55188437336192,0,80.63404682648341
22.525665507545646,61.54439263931243,0,100.44778373305277
22.04549643279709,47.3204235479227,1,80.31137199398282
27.83495379698662,48.134704251394965,0,84.61827480811971
22.841792673997254,69.77906449666577,1,85.62926424495555
20.197283020138197,67.69890804679177,0,104.12679766250162
24.265503937010536,62.09351866010106,0,84.25042090390315
23.827087441131738,56.22959055541856,1,97.34789878450044
24.66931458938332,51.65342345593038,0,100.05977582540282
23.229909072922542,68.30664224370294,1,82.5225178512967
21.38327918971226,49.37486157005982,1,96.35995039205892
24.16272455453645,40.17300095006844,0,83.4405239045876
26.02322098329365,62.153137759328445,0,101.06660407582606
22.454151474278824,43.79485564237982,0,104.88859800985965
21.61016737197239,51.305192204940205,1,112.71773653478563
21.053999852523187,69.3026869379998,1,111.01725997329869
29.804716651593516,57.236455100781114,1,95.88874964346297
27.284772723764693,59.94093126526513,1,111.99791389030433
22.946937084728113,49.71727326353514,0,99.97215420169941
28.200816652282647,53.357310521778366,1,89.85587568537123
28.398924030037925,49.23750075599755,1,81.70234792236997
20.018898729966974,50.23489223054063,1,101.34029182878345
22.82185592451913,45.59367904006268,0,106.2793280970714
26.39215888011987,50.00181355279962,0,113.8612082762878
22.705675012913467,57.90206636488104,0,111.32145955618066
26.53910288393903,62.90392447354963,1,91.22332274519871
22.194334820786988,62.737184321552746,1,98.5116248839098
25.063648995243987,41.47479781455125,1,116.81243163050851
28.041333456963237,55.555408657723255,1,108.78491510438798
29.909550668661446,41.90470574977664,0,112.14340770442584
24.58522013787084,60.329566730642256,0,105.35934284482374
24.240226604315538,50.583156568060936,1,85.58060422783714
21.904020183026336,65.56754499760413,1,90.50225313981657
29.172268520937116,68.41060041655865,0,95.10759204795679
28.50295968429917,62.1607955093709,1,113.73102353382062
21.2947109261081,60.27727547374571,1,102.3468632556921
26.781782290368966,49.4566094753295,0,115.35594216639805
26.906837035951042,60.4106523585505,1,102.7282885117825
28.755235789484484,69.71369224419036,1,115.25360457673442
22.4030441163178,58.059122760407085,1,115.50583553715316
22.9124537517866,44.84397730943053,0,84.92858071680668
22.506526376210083,56.084937817366,0,85.70177669147448
24.507423623077482,69.24880469977573,1,106.73729143084655
20.44878948765488,58.18190043607912,1,104.03996079826433
27.361959376652116,59.90208845153492,1,81.14793891895539
20.062963650153087,60.880213880431015,1,114.90884217083989
26.61198466809901,69.05061984249424,1,113.8676982320311
28.20950720906918,55.75035928867375,1,109.48662543071319
24.965740720140676,66.60926997481587,0,111.25644359137922
20.333271447006954,67.60582437510737,1,98.69028046217288
28.334527061444383,48.61987107260453,0,113.9073577787272
22.680062497074353,65.25343665515568,1,82.59540599471708
26.2938078965961,62.64817391084369,1,105.09910320550755
23.578653306772903,44.746873602629904,0,82.19100224670936
25.040522343026847,68.85490496015865,0,86.3826420011024
27.298785693648128,46.01533602359174,0,97.78194277190448
26.474932033312047,64.24927769734072,0,85.36228264201557
20.832213559377163,53.89879250057902,1,101.4409470003147
24.657567376561285,67.11296012744293,1,96.40165778500358
26.59253105085847,59.922250276330885,1,116.13571839863565
26.872561620245865,48.54558892274599,0,95.99978472974644
24.190487395531203,69.31356554718572,0,100.47461521622483
24.488001383636703,43.45372688294649,0,106.57804975573764
20.092750327989265,44.503622519409085,0,90.6515405882894
27.282705323369512,49.39992308798094,1,91.31037025225814
23.151571640332264,41.6551648301672,1,95.89935065465475
23.024355126871086,51.74641064191484,1,93.30137856648619
23.311143051219442,68.47567351074599,1,90.36931788505457
20.30986364362503,58.84045750823812,0,91.18988447625154
24.62933607475054,61.50062966394533,0,100.72154281510782
23.42361191444256,48.82769509637926,0,81.43529060782855
23.448795630412775,55.14980230175475,1,89.64395001568644
26.381636317522837,47.36760944802773,1,92.09923552504796
27.530080590384877,56.30572519869409,0,84.05239289227899
25.55124224808914,57.10988629029706,1,93.84163844875523
25.05872685586104,50.40449928317312,0,104.71944835239512
25.380441981229957,69.57974649805927,0,86.03414837648155
24.248438262843795,48.513208009277534,0,93.33737253177978
26.672003312986604,44.472855128834354,0,89.79307990981843
20.550764810003002,62.786007243677055,1,88.58943125577359
20.885194971831417,51.955103334380716,0,91.19531018267914
22.90769338210799,43.6457017791144,1,90.12042563568767
25.475413124020683,64.97562581861368,0,80.28665082150593
28.841960655157678,49.95351097640137,1,96.00369546149534
20.975669099943495,56.50025202042133,1,93.04517444253912
22.58041335013109,48.727980565116425,1,88.41435599624168
22.867733637023786,57.038127476986034,0,117.96959752290607
28.679202311314267,50.59280464649527,0,113.97505553491915
29.925531083292125,54.079888938943576,0,82.64179126660564
25.669370405144022,50.405496188286534,0,84.41181764047023
26.85471949378344,60.52910441716752,0,119.85930126149125
27.678584732459406,51.64029614275132,1,86.38114889607213
28.084307360905996,60.36897415591061,1,82.3311833105301
29.77777800409599,51.138789799575264,1,94.2507320552408
23.10308695372191,59.53403392774138,0,88.74502244934855
27.32505842780614,45.93496637278464,1,82.96544938048429
26.940091274600604,46.0345193799392,0,114.08250641467978
27.00552604044787,44.9122178992844,0,89.35740701133
22.948172683374242,65.61317439472319,0,109.89001081125939
22.810747850197593,48.2323120627005,0,119.4299144320108
29.42577228133605,62.61402886923884,1,107.72267239453498
26.6588185774858,64.763097743311,1,96.53861127831999
26.70307602753646,45.87876224235129,1,113.34646727340352
25.31917403995763,59.245635671986236,1,93.61944536985216
23.24223567584229,40.94828153726582,0,96.59688250766857
25.53052130460066,57.08103389307613,0,106.67392267484466
24.263242238385434,60.59791020457444,1,115.70388791340775
28.916191490498676,63.414491605188644,1,119.39877858628279
25.859841124464335,56.08846870607985,1,92.25671204412437
21.78089780490342,49.09115820256063,1,107.65751560833198
21.537882788864945,65.19114145245983,0,81.74542487856037
28.16922904752448,45.956635756002655,0,82.54883694706996
20.198641665759265,60.38511291001815,1,100.58064426482508
25.38015304646382,62.680273922054035,1,98.80811682359446
23.87714651038148,47.981989148917535,1,106.28652783166945
27.82940943439165,42.90713930836124,1,99.96714788414403
27.231891031425487,68.85400333551176,0,116.49601675495423
29.368341730537477,45.54850696915623,0,119.92379193962395
27.61532447573563,42.05607912109858,0,108.18615349149633
22.582039382969235,47.76884794360302,0,118.15005508647131
24.716569770093876,51.34654470125654,0,90.73783517585662
29.053129696439026,41.63169425622846,0,95.52511622534428
27.4024365191465,54.61938281457714,1,109.60695244181905
26.82644133227443,68.58788707861623,0,103.56570002739826
23.262268143101455,55.030640934548614,1,104.24858578778557
24.24660077085703,42.94658718021661,0,82.32093000676427
27.4375542165144,45.19231270462707,1,115.31743562402951
26.366701932694657,44.75648838930617,0,108.56670053520956
22.094471564723175,69.34588452038355,1,94.22004053538808
24.74283181272267,58.53103224781477,1,86.50605056202234
23.44900044078824,51.1039148070589,1,118.62129402527171
20.64990152521989,58.206833553394105,1,107.50187366174248
20.420914968950125,41.797241524470685,1,103.12172682590617
25.7129348351558,65.79347811511516,0,84.34108488750992
21.965983047262487,48.80522205589522,0,90.83982742671465
29.15522529326079,47.81106633950119,1,93.2506209015516
20.16783990436285,52.839628412856655,0,96.83077477825995
26.69623919892773,68.66979668192083,1,91.70624705980873
28.50838102177886,68.0753614844722,0,115.8210831121791
26.616674772002646,54.25270747417468,1,92.73337856323319
25.890188614648913,69.88529295172155,1,107.09184182612893
23.191975822307057,45.24855638332039,0,118.75916909931652
23.12051297485612,40.62514988639916,0,86.64312770250599
21.02695153706094,65.16215285235349,0,99.49695614002384
24.527774774985907,59.9883274367432,1,94.6566309534542
28.33401602626789,48.25139708243062,1,109.97902164946969
24.554554603225387,42.84150023087091,1,97.84152146435656
28.562555096714007,41.459238311393584,0,91.664497015579
20.228500035126604,59.514990760484274,0,87.55955740637346
20.975998357363633,46.49680309080617,1,102.36277157345394
26.960697359743524,45.45971316744836,0,98.73171324357979
23.100740998749053,44.38303460441361,0,108.72321429970889
22.344727893300323,43.734566854050534,1,115.5870645888845
24.2122827721898,60.815822196880234,0,81.52565497584719
27.859484423382504,46.649218261139445,1,93.99756963069068
27.675868037545623,60.773474124554404,0,113.82403976518492
29.263679525110433,52.020605502779915,1,112.33412965094787
28.736757463315335,54.18575710934254,0,118.59936612232312
24.79415665088987,67.34929247447286,0,94.3449305680903
25.2562290196877,62.34898044696241,0,87.62672555856088
26.13668010236895,50.09678369359046,1,99.24104607043971
24.63692612929492,46.68089469069917,0,85.41435058182074
22.23367285749075,46.97242337867801,0,81.22505252673703
22.393179162329716,53.92017683894983,1,97.31880953780103
26.950783532711718,48.923303201503984,0,85.40492536334934
27.61881034059489,50.751562122328735,1,94.5578125074786
24.718975410709735,49.984210529507514,0,86.4615400487952
24.525248674787914,62.2008095848208,0,94.07323317039388
20.544420310839637,68.44270603571346,0,117.56797930797943
25.664733646157263,65.82095743991664,1,88.25321921589875
21.354802438449504,59.5865004338488,1,88.37803588125948
24.446215120259716,67.11395281628131,1,102.3571676459143
25.75996623382287,46.42225959589065,1,83.93353537129703
28.27029086467718,55.16692188014182,0,91.79579133052647
26.070278881737057,48.19624914884464,1,118.90481131745469
21.97595442830537,67.57695754302806,0,91.88926566212139
24.269958680411087,46.6757578279335,1,95.8238724317501
24.775135923390966,43.57343270078435,1,102.85192664749694
27.931773909556092,48.05813861743192,0,87.71804739082131
23.304528742558553,43.252239730861575,0,114.50764603924765
24.55835723683066,68.74647366884119,1,97.03909577748703
28.6178403898817,50.61212772516039,0,117.22903822810935
29.392235073867667,66.60936424395099,1,84.45574119140265
24.03575723467177,43.282429013822465,1,102.86397388231778
25.70391529772754,50.23343117699343,0,93.68778212367994
28.22464442491872,67.82468620794461,0,109.50674237779741
28.09079705372082,55.76241797221643,0,102.89388415784062
26.21801544457257,53.68443862268668,0,84.63219148719789
22.52113718222438,65.66894347481313,0,83.75545029745543
24.832424595966557,44.794227017834515,0,102.85506152824813
28.53899689744285,45.818586521069,1,107.50957661804648
29.519504739465646,59.66185320774858,0,95.34285706323823
25.98920738152434,41.3750146412118,1,84.04022724157457
26.66746661276019,62.785928117076494,0,119.38494406238372
25.95450031191919,58.38440593803173,0,110.37828489478802
25.966642850285226,45.08543381009852,1,107.1401821396055
23.38353439791232,66.07090774609901,1,107.25344747534325
23.43164740344482,44.64056000174211,1,100.54823877474237
20.994148095892815,55.440699416406815,1,111.5167899384532
24.67910855598862,60.45843914815369,0,94.49483827527422
21.62564658329731,52.647677159674494,1,94.06005337395206
23.276558016674244,68.64290477692415,0,82.23388197747892
25.633615438874283,41.528734508644035,1,84.63063370375254
25.475881483225244,62.48475544175511,1,111.64144017423493
29.786209728097653,63.537227054805605,1,113.91674677132502
27.762205400222353,57.320000377678596,0,103.33466460635157
24.844569304788184,64.07085316165492,1,90.1095650056237
26.375100150411914,59.38628289438778,0,87.8415265078823
21.30082734736286,41.14247366679859,0,100.12643586874381
21.21391111943093,62.857818905945436,0,86.10929060069464
29.368044803561325,61.03451292883665,1,104.25896357075844
21.96306420372837,40.84715637110337,0,110.27884196736544
29.00556905347662,44.87045677188627,0,118.93875258720941
22.94857394533669,42.940613017600356,0,111.62772646160396
29.45774210178564,56.86246722374857,0,89.48299937031422
25.472781892864962,48.88834181694442,0,83.50261927381185
27.294077892882825,63.09556179798912,1,118.68948686572713
23.18057525079973,63.709188828266306,0,95.62906971975872
28.41703770540413,67.01549973128365,0,92.87310196795985
20.463794591808707,56.98251106328354,1,80.43457720312333
25.644832060106058,67.53111344876993,1,102.18537052302572
20.747809829209725,45.77762336891889,1,118.57076153098335
21.133126675330956,53.44373999663472,0,109.21773446555093
21.627094060856592,53.98541571609176,0,82.4752376870746
23.762180206375923,54.327333655982976,1,80.02871822297847
23.339572737569238,41.500745431602226,1,119.31900165580913
25.36197661564766,64.99240500987624,1,94.2915235819445
21.213867346286495,64.68022973181337,0,80.87168362283148
27.627970817919266,53.88249686502704,0,109.33473737087864
26.553041902951094,65.0279190894427,0,86.63253555022753
26.975271914970286,50.9449614770828,1,108.90830376103372
21.341992885717367,68.14288722252627,0,101.01709714598272
22.146720426951962,63.885771138742264,0,82.94415273614652
20.243822485795317,57.15418394141378,0,81.62134459936973
21.878888614169366,48.03018723091177,1,112.98045877744788
25.071965548472143,47.39479882015641,0,110.46403176062093
23.469743868303006,48.30334006334122,0,111.05084200029998
25.945093526666707,49.820212599859516,0,80.35003706385123
26.94047896042825,65.1293677657445,1,86.20013154366515
22.325082552649455,47.71947871084211,1,91.53688127904232
25.958322451100717,50.9649142836775,0,119.20534500567612
21.82587253043324,63.82368580131825,1,96.80140919900782
24.534245705107185,46.35001667958959,1,110.00050586478812
21.9726066899666,45.020564787814806,0,101.91268859333857
23.150772840788164,45.7500247064178,0,89.34287956859242
22.326318836223518,63.29136975054534,1,95.89586391429532
27.187591373052644,69.5108796945443,1,101.72892273827509
23.966149172976415,68.86656619856066,0,83.47004422898993
23.92986350512593,59.14722090385262,0,106.30980368503367
29.735379611062108,55.3720973147873,0,81.4380410311759
29.623313500810227,50.32714417852888,0,95.96976484470198
23.878830449141653,43.04223592980005,1,82.08670648527321
26.507098286130528,57.3477816106474,0,88.156542562242
23.587442086550467,65.84910920367548,0,113.48743170047445
20.635911939800522,63.40574737128841,0,103.39265522292139
22.158243348816015,48.375306780374956,0,117.44655736911396
28.045444875288354,62.70203133490882,0,105.93580490560066
28.599112243114444,49.47665660270448,1,114.7756024361393
23.81800223908349,59.29427187694017,0,107.1997900696929
21.974684436385477,48.85042297238452,1,86.2450258617181
26.289974579183124,51.330326416526106,1,104.05727988023403
29.14835011979759,61.14806544912369,1,97.00848396307012
28.196249225385372,42.88417636419913,1,82.3642732998326
20.287509444843966,66.47993026304768,0,104.0053774357129
24.984314775439497,43.38090520874676,1,81.25503203072016
24.907165542184416,68.25154029445056,1,116.00871986828143
25.413866327075624,63.38035967809047,0,115.94963652036355
20.609797188857367,64.16047369250586,1,89.70444206121408
20.170389938679122,55.57700686951073,0,97.29654442492017
29.375574708524475,65.94232295797269,1,91.27863121675473
27.01124190757409,43.84190097938675,0,99.86436491449791
29.498085903950503,59.07555381387506,1,80.81861518857349
21.91813153170486,57.96823537334063,1,81.77758346593488
27.5545296256713,51.920455324573,1,109.36274738361142
20.97326180442907,68.3129551679296,0,84.61944456984826
22.55005672625588,52.7790900053064,1,102.12836282174457
20.988503199635876,68.8333783334065,0,90.72421390145999
27.296210416081877,56.029881130309164,0,119.68008049402091
25.21918603632953,66.82552252350841,0,100.43874172491363
24.723600762844733,62.1727213517227,1,81.81419495042847
22.735645226147852,54.407296327501456,1,96.8759399880538
28.305428658520206,44.85704611007026,1,117.96278209754126
20.470829290892933,43.320559607909644,1,92.79974252233363
21.03931174803564,57.53361383269601,1,109.1090871622084
26.652472055042633,44.974265232306706,1,108.14927817595488
27.542294238949314,47.68237319286639,1,106.14913528648937
24.775421817114545,52.01659354780446,1,104.48002186643166
23.893728292261304,62.56429706039718,0,118.27407840858547
28.52444961053428,44.22678012827231,0,83.37086659008331
22.7926939030188,53.05042461197937,0,115.9367850476578
22.443367867710418,53.08965250670287,1,117.66187437535422
25.651795723227657,42.216789363696705,0,108.53262931630675
29.826728989487904,40.17287674561802,1,85.17064694581164
29.068497777285057,44.9565976992164,0,104.77099988898394
29.339113945274924,52.923485907356635,1,93.05031412411232
22.808013842831592,51.6051532895928,0,90.57220036269388
21.28589094736826,63.92698419499388,0,93.5087590465075
21.018456952995624,54.26230801587728,1,99.7386439539321
25.59150571212883,57.324609499664874,1,84.03821986527464
26.312184315483147,52.04741905626084,1,84.42032296661061
20.736751166177704,59.23275831832081,0,102.60248273730498
20.648060899910156,52.46668351700897,0,80.49489812912097
21.38984156520064,54.189701768056196,1,107.91527261750741
29.37614726863185,69.86779457965729,1,107.01475319892161
25.56965005150342,59.10571780370874,1,95.75377689875815
26.680071015533827,69.22846118554895,1,80.99420839442347
28.37920327671698,54.60241486619432,0,83.92043737397658
22.462925652426883,49.87277899916249,1,118.85895361638973
28.574389652318306,57.49715194425538,0,113.98427845810998
27.926957396386562,43.46925862862395,1,88.17157846956238
27.959424734619105,66.00585030858885,0,86.38487053074502
20.078456762583187,51.32241005929653,1,92.35267806903556
25.556151293774843,65.18187352562995,1,99.11534563569697
20.79433331159136,44.6373074641428,1,111.3003688060271
25.588588443722948,59.36768477680421,1,105.49712329878145
29.41652321514615,69.46531084543736,1,119.82140871515739
22.86693495268502,59.80619619365899,0,111.13258298689253
29.839872402524257,60.25596901940786,1,116.91955115206142
25.68072030793573,67.73769875725213,1,99.02482236776387
25.94414527588788,53.27531175873946,1,113.76061741354876
28.88258529255399,55.04391658662134,1,87.17249022901748
23.318937801674075,55.2817945069159,0,111.21117530534573
24.469853414946456,45.1774931202501,1,93.21915939755218
24.969939012000207,66.03408478081273,0,106.68136072069723
22.28069211062689,68.3208348042127,1,96.16834586057301
26.371253049103068,46.1870979654198,1,108.34268588459543
25.30375552392846,49.413426023574075,0,111.22857375687445
22.240824387376918,47.84286134039526,0,92.0730311533967
27.156867438142243,40.131277786438076,0,92.38029020512772
26.701143424566524,49.640229523995686,0,84.71910699128689
23.982611051501447,47.62042815736003,0,92.98696155221202
22.503684000247574,58.38094541128683,1,110.6235516978478
23.578920605893863,61.39360766680683,1,95.56130038536817
27.38867688192238,42.811932375387656,0,109.93077662394307
22.90046592302953,60.2767458694952,1,107.50499644504376
22.799858549839975,65.82906841544391,1,99.99002834550582
26.71337318144873,58.98419092350909,1,83.30812027727896
23.627046069569637,46.24796360720886,1,110.79821543331627
24.779898134599794,65.92787120169905,0,119.75380409065218
21.007873401460245,61.54109628245051,1,104.6941240987386
20.92272707207542,43.18635941192669,0,108.89977158819052
22.749799614867797,45.363992148634736,0,113.07611453220639
25.12409929302778,67.76017102163708,1,93.13245470143535
27.81373409221485,59.39686843428278,0,93.64859321729433
28.169956874259007,44.112349275260364,1,111.041692151695
23.50325003462732,47.36401551545435,1,89.60364677744764
23.39306496510974,59.72414809621986,1,87.24616138296481
27.94039104809483,61.47197055359933,0,113.99487235824962
24.838994990409013,64.04442310977353,1,116.09225846276681
20.67460018243978,69.12616912342864,1,111.7473499443487
25.121180714840374,47.13034415168746,0,84.0761848521318
26.402131276125754,53.362868095176005,0,104.64052384841881
20.284272278878593,64.36938330235358,0,94.98238590733344
29.1039257893029,56.54526243596763,1,108.14879204956962
26.750748658125637,41.8336738166383,0,116.07981791856182
23.454079082637506,40.822080639925716,0,88.03605706523675
20.442579203136304,42.68443184899559,0,84.7919819554462
23.564609098908992,51.997084309208184,0,82.01690563028164
26.444054300108725,60.91551882461309,0,117.22377463652599
20.58413479171782,55.96814820822047,1,105.24826682418771
21.234428240820993,61.58574155068036,0,117.89177207762785
21.86810902582469,41.90430927346919,1,117.23234877389774
29.759873964194515,61.658924569171454,0,103.02383203656099
21.591081692992905,52.81563695488411,0,96.26330476211034
21.71011594194666,61.918670077021005,1,108.46318029046355
21.795051361920347,65.75784370435909,1,99.12402386185283
29.939193665196477,51.853593504097724,1,86.23723728645325
25.59364447486275,63.49527278934713,1,96.36946496475541
29.27857644023661,41.5272221401656,1,90.14893059327878
29.188511276041787,40.16557130397554,1,84.76129701329987
21.977808903883844,52.5268803347352,0,83.01453913804738
24.86528057620331,41.2698126178164,0,93.02413672628978
26.297469753094312,69.7898088489168,0,80.65941435875831
25.6365981164145,64.63827100218259,0,85.23103823367433
22.699365935951292,59.283619651467205,1,109.05157135859237
28.06659667326714,42.50397552639297,1,114.84891460370156
26.92583980569021,66.76167123752977,0,101.09289792112182
23.894330432896083,49.89312981542304,1,114.10360173830246
20.46657158268237,46.524621480715616,1,89.33069454259996
23.09021192463944,50.83813992644437,1,86.02815311764549
28.147537863137096,62.04019749632238,0,94.72500061481642
25.149161275028845,57.84841867533153,1,92.53013225352271
26.179177561621884,69.38879445735803,0,84.74658570886118
21.44656576275765,62.05435332309628,1,110.6425311477914
28.19575570617247,52.791850592283666,0,115.76901386846481
22.73523045651314,52.53526022154354,0,97.46669089332897
23.125068806043384,69.15532786984545,0,81.7709453297442
20.6303059591068,55.19823269373484,0,101.34405836012687
26.458772587205303,40.915344229138604,0,103.3374328047241
22.092486753891198,44.85369056867991,1,106.45345034470633
28.313692189620298,56.6630909721182,0,89.38091462345062
20.149210818883436,41.229320654203285,0,98.45813723434782
27.561943709348487,55.032678274514886,1,90.08386474109082
22.024888953346878,56.89519572728904,0,109.98623614788428
27.166972105320376,51.46196538659952,1,113.06619099236721
21.798094072274687,59.10387718919719,0,81.11456144283414
25.30407702046565,63.95230839719423,0,85.7107563693023
25.64675371956825,66.25562699559038,0,115.68907964750923
28.443763061208365,43.37213799540402,0,108.74709454153731
27.368286759991022,59.71503247320485,1,119.49320836905851
21.11567308972721,63.173299735605454,1,119.1881436023009
26.98141401902795,64.35618182675833,0,93.04060649937337
27.894536305243893,53.87915009601472,1,113.18196317000206
25.52637646090803,41.986103813501394,0,82.55552187014843
22.836206060881107,51.015860604280405,1,93.32877685034406
29.14082303624838,45.19559907596086,0,102.93851510427444
20.08261381234562,60.00307833904746,1,80.66161821409085
20.679359102329386,52.528622145837,1,102.1859722275287
25.459891137463938,59.51415084607124,0,93.78370418626373
29.50025803213205,60.61050368067977,1,115.10995354683737
24.84202269612102,65.44519069797593,0,102.06443205894313
28.622385972246107,46.889375687657456,1,113.67294252591104
28.42270149463164,55.234128728845256,1,106.94747588028332
28.302218812093052,46.32631835399101,1,115.01209232852932
27.05899691965036,42.12714046271123,1,114.08368631682127
29.28693015704851,53.41376378556768,0,107.10853304210164
23.52795168789275,54.015512390102025,1,109.04303060340112
23.66452215882313,40.05476388077356,1,99.97635869273898
25.96956148881696,64.0931660357667,1,98.74942935095751
21.477975526669585,47.275956502104265,0,92.81468106845219
25.95726027331777,56.0273807984687,1,104.93413697210514
22.749971962442515,66.39542977428097,1,105.17633923308665
25.350865760671603,40.12617799899933,0,81.37811930553782
25.525348572367598,58.5026042980454,0,117.16371873222289
25.496318162736763,67.41806568129232,0,105.22752769190829
24.52360202215373,60.55217541852339,0,99.07868999184146
27.746901158929454,48.58092545844326,1,97.49291979971136
26.54869308096137,43.06489273279347,0,97.00566979390868
24.124242260713014,61.93084251037766,0,85.54967892948486
28.878180592108244,42.548426054116426,1,116.73202128848737
28.20503191860935,50.04418037132124,1,87.40728347324091
29.890383546133076,56.95173507059462,1,117.57690241357223
24.773067651464018,67.6674528686145,1,115.93331081313417
26.369446639176843,40.85525081584931,1,96.57778542200373
29.20975793803194,56.705075569136895,1,85.31037064734976
26.646756896432358,64.4064662168093,0,93.81369549460035
26.376528004373835,46.669100899429296,0,104.17020673745498
25.835568246229442,56.20192021137745,1,104.01957176325331
21.160187084061352,50.86764415946277,0,108.40399154311683
27.990376399263642,61.22098120159876,0,106.90422642731232
23.1052817983401,67.20688816049604,1,103.69891307649053
20.348693321534462,43.452963229625375,0,119.9918256220869
29.91850560877725,40.33799471902959,1,112.69339727207947
25.144155738768205,59.97221933069649,0,101.89026830765933
23.920360280330925,43.52673484110254,0,81.16505435563865
21.78808519544847,58.24534031724531,0,114.62841644984456
25.587851271065666,48.16873128156633,1,83.3903362592719
29.604944874072608,69.76817774858851,1,84.05558215488813
21.515326277919606,66.87817414319989,0,106.19117292183893
28.872965471145328,47.2621553148536,1,109.35226130014382
27.8549997179813,57.303410229639255,0,118.56483706668956
22.22246810003267,40.23478565224596,0,102.20942112650268
26.97785042364854,51.67196946533414,0,96.05546737333876
25.617066975884107,56.50843118058684,1,112.13357424658645
28.735898908769634,50.092664284655164,0,95.16812808161667
26.87593270563229,69.45134721442682,1,93.90145062522657
27.480461715202807,62.980994044999676,1,118.35546860675771
25.8547906071807,56.68201853221761,1,86.76718467953482
27.89272130123737,45.140734757308365,1,99.19721208847889
22.867253535144933,48.85889529056975,1,91.31411934636876
26.9380969397684,66.83452228487339,0,94.42519140963813
23.32126901425203,52.17861336912437,0,103.88301914848529
27.168189586017196,44.22800816433835,0,101.80616637048024
27.593683257960954,67.2094638547765,0,92.49847860965757
29.483295577058165,45.10877703428276,0,81.45013075264332
26.014912406828458,57.71385665360507,1,103.21757303046057
22.390399897360005,62.92004750833079,0,103.61882483683442
26.68940800444996,46.697539249858224,0,100.3549747225004
28.768157461036324,62.85003488412696,0,111.02872382653173
26.534418379711997,42.71636290134478,0,81.5899035346096
22.453311799307894,46.56980645601263,1,116.06027329252535
20.020697082097918,42.0716890196012,0,87.25855601582681
28.440989920101117,42.16421525848799,1,89.5327349233397
29.717404701634965,64.2269740417377,1,108.03692176694815
22.11590205399352,45.18731758998018,0,111.720174547108
29.654261586858915,53.123229664003624,0,116.92647809060003
27.23677351493268,60.46108881889653,0,89.24777419032293
27.97305489581982,64.8614811556779,0,116.67280735940149
21.80596982857695,65.5967930138192,1,112.33041181157498
22.85005020218721,49.194481502520254,0,88.95023454077331
21.63840321596289,47.31366251443431,1,87.71650094253678
20.941131043534437,55.32122706765406,0,98.71056774920399
21.647123560074203,65.59515877391628,0,111.65772875306115
25.15331350911892,59.44543024359112,1,93.40103058045108
23.82859610872428,54.18727265246249,1,110.09574519877194
24.97035143758105,58.793139977099216,0,108.27026203005792
27.572377248145806,54.58710229710512,1,118.50471055496101
20.462870615775593,44.725849690321546,0,110.43581464692357
26.575242238145783,46.52039190146923,1,119.95690372655383
27.363169760704942,55.15641883049284,0,102.33951776626054
27.832911233402235,45.743347222072046,1,85.4218941454024
28.728313054660518,68.83667369171172,0,83.32574874621352
26.533568895670378,67.44661777057902,0,116.08750251649073
28.939978882433852,63.38762781556019,0,93.20893180711487
25.487016900965326,59.206434001461396,1,88.70611429994447
28.13732668274454,53.88225989123719,1,99.94392496744956
24.390227210196596,67.125012584323,1,81.28522307533726
29.30092918631707,61.24306016257859,1,86.21963172306644
29.23787452529448,67.72168384480841,1,119.53690380332434
21.60623644684308,53.70421723556799,0,84.14943268421729
24.809727717712217,52.27904142327681,0,92.13404444259552
26.639907633978773,62.476197259647506,1,115.30523974878417
27.56386681040827,47.50865707831403,0,96.31555382679741
25.436486760606968,62.08833788884073,0,106.92161104780747
29.440087112527102,41.83899649748598,1,103.32022089592492
25.478474759986057,48.27606641298891,0,101.018314356151
28.913261668524303,57.65832391644889,0,104.0558367555528
20.22160717567648,50.0001214389071,0,95.76548866830828
20.431071924605934,52.50259639163379,0,90.74255556762753
21.84024954746228,55.254013280389,1,99.45532608205318
21.550782806754206,50.44573236148661,1,119.34650843371425
20.169792735471294,60.597112950998735,1,105.78051853840091
21.0792373923534,62.57924222985232,0,95.73949621420262
24.318660318648938,58.80489342004326,1,82.81850557816128
24.291947681249084,50.0563990620162,1,86.81226104971331
23.492257472739134,46.87386571377836,0,83.8061470643451
24.020480137016797,67.49481572881302,0,81.36172563294771
24.51176610333462,66.31689147099497,0,93.36469622886726
20.398852976506113,44.223112046191225,0,91.77896724077337
27.078807009646617,42.394133747359234,0,104.58616233155658
21.580927536343044,66.42792470558267,0,84.68359592268965
29.171090973807956,56.47604386297899,1,97.33044200133762
21.536980357718743,68.82954430723372,1,119.61844919827891
23.254068541537535,57.576241137530026,1,115.20452062618521
21.74728534868953,62.4772849936457,1,95.20249763105735
29.19568428049068,52.073385745432574,0,104.77547978179406
28.92552893011236,51.90489639722401,1,97.41161197293209
25.055840564454165,69.65345607370394,1,101.74755017725948
29.958155833341632,49.25803633958573,0,92.54763100656217
24.44410573462741,49.81887300970296,0,113.84926418924024
23.658926485947344,48.017433488836225,0,111.4926321067497
26.235910935179177,58.821527741041834,0,96.389078615133
22.860215965050358,57.35323848163493,1,102.84517829266396
24.661217179308984,52.077384946210096,0,107.55764199013434
25.069640297494804,47.451416694767246,0,105.6942748931962
20.59760474619053,62.910292657820875,0,83.11253412497025
20.970311286493967,57.39700936773005,1,93.57959385272036
28.072191973347056,54.67230308775708,1,85.24717772640582
20.848555488666822,64.06467618572863,0,102.33700294853045
21.55384245240965,48.93913650772366,1,92.23140772343405
21.71454663114974,51.27039844897168,0,99.93988216689789
28.609153757861407,67.46127070899138,0,101.10698806893001
20.835360291818855,57.8546519963354,0,85.42097361512604
20.557865055908827,69.56532752262977,1,86.16515104145877
20.23085197268664,68.10388419743083,0,81.4347410495751
22.44006299377,50.66694246602343,1,107.12280970813329
27.480685024307352,52.49657189149994,1,93.39043931537944
21.075943158681046,67.69337401734802,0,93.85290859383468
26.815935105840488,58.673199712488284,0,103.58300921163037
22.9167527059765,40.353697232755,0,103.08167409616503
21.806452131740496,68.6613661692666,0,80.59317491084894
27.871420897313513,52.303607442428245,0,89.34424913340979
24.14460096248022,69.14866218814471,1,97.01340142248765
22.502913860650178,69.18463689624596,0,90.60616310326495
21.934037640280685,64.63715535270862,0,94.08108973316021
29.15854414082702,66.79152184500865,0,99.89094102729888
22.226923176591573,66.42215369303234,1,84.84097308447465
29.182972514353896,55.14623685735981,1,106.39619562362249
29.602029121519102,49.996270722093236,1,102.66886627830498
25.76680216393702,64.61330108449481,1,110.17383213630762
20.41552631769925,48.04866711686968,1,88.59180249620846
20.073207429054676,45.52487449845538,0,114.51754946152472
21.642764173004917,40.58193466981348,0,87.09528060993514
29.264420235040827,56.22945358965272,0,80.56344912930597
24.85838815646301,60.27227527970305,0,113.22156603272191
28.586749687191244,42.684852337203054,1,83.17665542425175
25.785074946153152,69.11058066982235,1,84.45771042270223
23.135006720948628,43.410369165909295,1,99.54471735111888
29.24000759244014,67.47908788546978,0,93.02303354054386
26.025863114761865,50.937641509074155,0,82.32017888625707
24.387950309632238,49.946367812070946,0,110.07221434350708
27.14984545080737,50.215085510450194,1,89.04444018319887
28.35329511930646,62.98539291364528,0,116.01106458663426
27.441849568179837,42.505180340380015,1,102.4408160786173
27.72342699395732,68.08610266815055,1,103.12395524833128
28.73436209220708,41.13285536127323,1,96.44231925860657
20.806002673212173,58.497798499725974,0,99.54856482224261
21.812588668460407,60.07522692161565,1,96.51588175049284
22.4227679350835,58.69564587087303,0,117.40824798847625
22.722291746489308,65.4559871935818,0,104.90058111648645
25.11201341329611,51.74526398094078,0,104.8798214713089
22.335989933809167,43.69491213123006,1,117.30513321541687
27.64364743959182,48.279669540521326,1,99.72483086082082
27.066779457912848,53.47256698060701,0,89.74256562139826
28.569307943303595,46.92615891462448,0,107.69031527968359
28.078942981485753,67.30308894453998,0,100.99837177594934
26.932139689922728,67.94141166930804,1,89.92756943810869
21.80683352136287,50.09961835535787,1,83.59625324059829
22.975838933937293,53.336409911542354,0,119.42685702119229
29.174275991509912,51.299455682250006,1,91.91767306294548
21.68442463253714,46.75642004684648,1,114.78005759665805
26.83940541846158,49.06781061335375,0,101.53894934915894
26.9533085528907,51.12259119918714,0,112.40382604191717
26.231562891194972,44.9695664279546,0,92.03982091820028
22.945595888199158,47.8405958862971,0,111.30828233817687
23.84131211672844,45.896682895218284,1,108.15950048716593
29.621402113736437,57.64089063151865,0,94.90131368511751
29.926676896924512,57.960183031724114,1,91.21972879205552
25.87524535611244,54.00633005025196,1,110.71616539751551
25.83226113904427,49.17098701369254,0,107.47804805316552
23.77979733279537,67.06013818098977,1,81.40449764263674
21.031334087681074,60.97545668626118,1,82.5588434305717
22.19237885422846,45.93381222817959,1,116.40571065639618
26.922711905800508,60.60825401702304,1,102.00902029292754
22.947697056267053,48.43883122942435,0,91.23601718206604
24.592265904488517,61.28013576951132,1,87.58589546846895
24.634296736131397,65.26633352601004,1,96.98407129023842
20.697678346626567,49.102457047007476,1,114.07443789150815
27.82594914680187,67.07149047991258,1,95.88827195914817
23.822795658060304,52.00651568266853,0,95.71052789550646
26.710631354731955,51.549330888006125,1,119.1744822526953
22.020814691876936,48.61319933429121,0,97.99993198744635
25.933451334146596,65.7155774542352,1,98.76392798759588
29.561459657012097,55.02964278529011,1,110.48772653303567
26.039463807214062,48.96678897436739,0,109.0764522013809
23.333823357750884,59.12661783092321,0,81.21711131552608
28.273576594977527,60.594516080840194,1,91.33125668401934
24.510571478340154,56.31929820674884,1,118.55179665833671
29.389813172411074,66.7701784101698,0,85.98804079547213
24.388217121919197,58.540322293935304,1,112.8701090642421
24.600356489298562,51.490052714131984,0,99.46436214578141
28.807768995123062,59.017551160033136,0,106.4434895279783
26.07667339400576,49.3923754509216,0,94.53435081481632
25.760239230148603,56.77932052116943,0,91.15042264614415
27.900128225242725,59.7219424297854,0,82.97791915388923
28.11426825751692,66.81444789111688,0,88.63348369494005
22.78219415507305,66.50567070151712,1,114.29950085010461
26.26639248715219,60.983609675533074,0,86.99446462261852
22.137041343337007,46.31030856767131,0,100.09867728901534
24.135780514064834,55.10047074094972,0,104.8748618528409
25.97270882670825,69.90101048042618,0,113.58991149630938
20.95192546246101,45.029375204122985,1,85.6382478800527
26.4815485442432,56.582822136887884,0,92.57212182879003
26.7579509989206,55.67736230839045,1,91.06394092936286
23.47758438705278,48.3698734496174,0,82.64735337033466
21.143739513210775,69.80461975722558,0,87.37810789941842
22.40472013609117,63.09221224626178,0,101.55431885659152
27.616556000162923,43.98958918092107,1,98.7669565230918
29.38485394359895,45.45823943871142,1,115.33538214669792
29.72101416879091,58.146446989315635,0,114.30593136500028
29.077183701421333,62.486277141455055,0,100.9865588293898
23.449965021475986,50.63233055524741,0,109.89563492931167
26.537531900419644,66.29813703334389,0,112.07595626471581
26.084245349764267,63.35966911503016,1,87.54751351771654
27.990385613291153,65.75787616351451,1,103.3524240748793
25.216477121290435,40.94898923703285,0,97.427514880949
28.93213604802882,50.97530133514505,1,119.67368971546095
27.915186888502834,49.75002976772143,0,104.47896035000213
24.814544784961527,53.99230061968494,0,92.12986472414923
21.46725243745753,40.7300261870589,0,91.59114835936306
21.750186994026834,59.55237121312412,1,106.38587894433904
27.916762448420947,56.45655044056052,1,103.1499917796894
23.696000921183135,57.18864104765595,1,81.89606429391502
23.55869346145468,55.08717926937411,1,93.74725804757108
20.608907019020297,58.59078064365601,1,92.74493521707863
21.682560614403414,56.78824412256333,0,82.61893853089991
20.54632359950364,55.000153645339424,1,101.25636970793785
27.326524443130143,56.47725800793985,1,113.5689024572577
20.384485643796708,62.15563643741484,0,105.11119148072098
26.46625477305848,51.288602228537975,1,83.4974001895215
20.22105485262272,41.0392589976831,0,114.20792619183777
27.377862133807454,50.142857332889065,1,119.07452760159751
29.838081359409927,66.7908387391832,1,86.72359261067909
27.593028390677468,65.12654903143275,1,81.4047179389065
27.995482749192497,46.71337283626464,1,85.63877004751373
24.234520580241828,61.13510343556397,0,96.5557719375674
22.424814172090684,47.22250601785846,1,92.30225037151182
27.05677673652433,56.47488673948959,0,115.0174814773683
23.23059774510045,51.716458179879055,1,112.64648963422471
24.119927893578545,50.61019614043981,0,96.43474651240226
24.843819401751606,54.144447108307986,1,104.901645802444
21.094992683456145,49.695847994368165,0,114.08781850360222
22.24100227571914,50.6159316030398,1,118.27483286001996
28.586791367160256,52.12993637270564,1,104.67664548241807
24.263096746769122,66.07965715874505,0,110.98346974274307
24.370197536213457,59.02921562598103,0,103.75327402404606
22.53818822708318,63.48175409059182,1,95.04045600186922
21.597208107558657,40.89905527607513,0,115.78838031155195
21.35603820698872,53.80757889439032,0,113.62652730255152
21.678351460779453,66.06068710851365,1,84.57623599557493
20.133798048321164,67.69395176850072,0,111.53239193591475
21.333638924167087,58.21066590341715,1,100.30522187553777
23.969382900261078,48.75894292113569,1,97.70601545062434
27.950255743867668,64.51332360530941,1,119.31526685006295
24.35203506798088,61.79514436274543,1,102.38803145332275
25.01670704965342,60.59168285055523,0,106.69394167610271
26.96610857398673,51.547561381272416,0,119.54697237780576
28.421163123586943,40.617230666024895,1,100.504787203106
22.519245514736106,48.61958207411126,0,88.43079308642353
26.407794049155836,43.89549283341312,1,99.04906334635591
25.96988923246261,65.80337192548508,1,117.43009828163662
23.471104036979217,68.2805797463129,1,94.04878299567137
24.313336288788,63.749222090730115,1,91.48812382024366
26.800149165618183,63.52671681610144,1,104.06324502578863
28.56127204684972,64.39740603609586,1,89.22785719635263
27.88076682801104,59.626686497094056,0,83.85007834635945
28.622804454497807,66.28178357433222,1,119.32118558929679
29.54984951075214,69.76246714463886,0,98.04041556860227
21.547089582914833,57.95084730049588,1,101.17631299451803
22.22226466797744,57.66388846496868,1,108.6322645604654
27.8408564236274,61.60022647343479,1,109.89764398194936
25.489116944004437,68.40790688296995,1,108.3543899181904
27.39902303383055,53.93232998276831,1,101.29810801823473
26.800777063688013,50.00926097309627,0,87.75613216602531
21.07600531894233,64.75719880577805,0,80.7877285234344
24.166403361996085,47.39055934027122,1,92.5511235864059
26.244699086134496,45.296443364027176,0,115.66680840343456
26.97034812028223,51.16130659481601,1,106.07041257870158
27.057545034749733,42.94429404167705,0,106.03486858263969
29.174667528066355,46.29268344719689,0,81.39081693485818
24.818185345400074,64.16613895761992,1,85.59920085276468
23.06639316135607,53.327088001057106,0,96.62801176832602
24.396975752115427,45.86181930449725,0,83.52029239945938
25.99444550951766,48.8434639755031,1,101.77023766718614
25.931618058370244,45.86284758257451,1,96.43654035037451
22.311653690237762,62.87773246992149,0,96.17472648325767
28.47016545072006,58.78231803310599,0,91.2345327067422
27.640839244695364,44.28027883647215,0,95.22748419007893
21.692498685064578,47.298747544295765,0,116.51364052324082
28.10011643245405,62.831974777203975,0,113.95125657898086
29.2947910056015,52.39693760156945,0,84.64426159968414
20.31608157052743,55.00179483339184,1,87.05632599525418
20.509253192549245,55.56707602128907,0,80.33561218224094
25.220379026103167,68.1364768202326,0,104.56037402988729
23.435164571148384,69.44563526225892,1,111.93481930441408
28.16608987758356,50.018242166344685,1,115.06605201974398
21.457845807068253,64.99054341456471,0,115.34815267338944
25.5294558776163,66.77973537854477,0,97.46656128964045
27.81283996455449,43.66256388919034,1,116.14946700249764
29.814323056075423,40.79110393908477,1,83.18168957082464
28.979006701954617,53.57521968388713,0,89.99525083227678
20.092598705491657,69.6960278396761,1,91.63513304018213
27.645701444647187,56.57808908136316,1,90.13518193847159
20.847962171357825,49.740606419208106,1,112.67510590738996
29.749573553599674,54.83462293106246,1,103.4967370841683
20.766201620765248,58.038545788937725,1,97.33766097622959
24.50126338709401,62.74939233492722,1,82.82391936084232
23.070154875914064,50.20955358558109,1,82.01631585987444
20.728789473734388,58.72102879457842,1,83.29071881871876
22.751440965858812,61.11813678634447,1,113.19164862283353
26.945043814005334,62.69953751548469,1,117.6100145697112
20.4761965150814,64.72531146622009,0,108.8444295206047
26.230441818579965,53.613650666908526,0,107.04497842795672
28.07454889879091,68.44159162503408,1,106.80450101838369
21.51548323579759,60.59585664299679,0,89.16421219065359
25.159079838445997,66.45044866929993,0,108.6563950401258
29.81765549066838,51.50854278689317,1,88.47146761557373
29.462761608579434,51.53226264215683,0,104.73390056463266
29.703374798551632,56.624229110677305,0,94.2783516535599
21.12210587714233,53.12658270407716,0,116.08206559488745
25.243549129955095,40.823988239841796,1,81.88377621905913
29.34019270045298,50.23384480078813,0,116.80206866691732
23.370859741147733,52.780968120015594,0,86.90050282426752
29.774791161099067,47.581021662674004,0,92.10773837909147
28.85959867734295,69.16137139266428,1,88.04359097344638
20.117389881653192,49.82138358159763,1,81.7812842614033
21.48331476529183,47.54633133330434,1,91.53971111696139
23.3645463999656,65.04266413006346,1,111.20111303836222
22.532182908209844,46.655473406320716,1,90.29839004133164
20.553116518462428,60.82267854996118,0,114.01830415351313
26.078722735702463,51.81443393745379,0,93.25203767654938
26.211717450041668,43.883421472969644,0,90.09127348642706
21.35264806771401,47.535570202971094,0,111.79182679506553
26.916829414926312,54.60367828938817,0,90.42307401711724
26.209340765019494,46.132458263702524,1,99.18301710706487
23.754619502553613,55.12174244690714,0,85.19053566440037
22.862169455373994,61.712038024876016,0,95.0077402476197
22.597011738503788,68.79443990497668,0,116.64814845985725
22.09882383376646,62.364654795708674,1,97.02376084988697
28.333829872883268,43.6100799357871,1,103.90394896729022
24.318223116920024,61.172548255728955,0,110.35581590997549
27.526747234510296,56.4058463098864,0,89.19507144002047
29.45389336877858,68.92032566089223,1,97.93892240176011
23.873412398778378,41.467856613116574,0,106.52932746496037
21.466830198992145,58.53294505839015,1,87.9288303041359
20.13040000587078,43.658923723678754,1,88.15289930964833
21.40750798993856,46.09237707370993,0,105.87995772228473
23.46428026711501,55.252329547715235,1,81.96529306868578
27.20872595983533,45.26522688593798,1,119.87019021838586
27.75750382256757,45.209288164838796,0,98.55823732810705
24.860500837287624,40.75153716236052,1,110.28271048312428
23.331182294470675,46.265886868532576,0,84.96343772255659
20.172641290397987,44.054205061024504,0,101.56579320459211
20.374478598289567,60.73921055550163,0,84.62927868415383
26.241140843078032,58.21388618145439,1,82.51638696462204
21.681164423215982,49.062019353116696,0,96.07559829910264
21.560845309240783,40.284697358629316,1,117.32625354917573
20.672909234996688,65.01014446564534,1,91.02601032230123
24.68032903775409,59.4742459929552,0,111.73502718464621
26.936585659302942,42.82602589173147,0,102.69693205461847
24.87549906697613,69.12709582273217,1,105.09071964838591
20.316951100021456,53.57738609583577,1,107.94097277635353
27.60198595645985,61.41269060207409,0,99.90972084021244
26.059787361173665,63.309124911485284,0,110.46519690664994
26.737335576096072,49.93250063069987,0,116.59292103518928
24.38812364627635,62.37031025891583,0,105.99022693496322
26.825056515733685,57.12217044889091,0,87.97164700762632
28.162470784572474,62.76901110748661,1,108.0808307606814
21.282257056360855,54.04861938169314,1,91.65523584848671
26.74483975182385,52.206627179694955,0,112.03065165711783
27.21583084671515,58.73149478478214,1,97.28656012153532
25.207297472664827,54.09199680516072,1,88.31924020905197
21.43950894710982,64.06252595362895,1,112.89860235297147
20.195209114994917,43.816136906724054,1,97.67807294998099
25.774997483582723,61.260862945385256,1,117.22084598692804
20.798362261002328,49.77742435208884,1,99.70003110524549
23.704366153648248,42.51481210016205,0,96.18478313741862
24.44097480742564,53.87400103610856,0,85.08497471915004
23.722924088000976,46.669728145370456,1,83.6330411328307
29.443844238184543,53.08254009870679,0,101.92439998397622
22.852304151436567,55.55517708076374,1,93.7240792188982
28.60126938273113,44.96528799088005,1,99.67828257119243
28.170862207302896,63.346725745024145,0,107.1214848816672
28.857009659882934,59.883232746742614,1,106.39221132150834
27.98737178982235,63.362323855787416,0,94.19036747560858
27.583627492656877,40.609540848503386,1,118.96895702161787
28.73819550389537,41.70869654366974,0,119.80481028740671
25.458663159039766,66.9279351472493,0,82.12460716905527
22.774781649830835,63.13559810381537,0,107.69135563376065
21.614703269911637,62.71655356212841,1,97.48014520960358
27.61181766989163,57.13444726281247,0,89.38632305882578
24.263713326090826,56.711146853680454,0,82.4354784207858
22.276406964539134,43.405651741635,0,89.65149019565277
28.9260122389534,59.90198252883869,1,87.10169326128076
24.614104581455653,45.74464465850608,0,110.70466317220593
22.836502416870832,49.70379506689513,0,99.16376664428611
23.013291125285843,66.15142585337907,1,119.61834615414854
26.05078451387394,49.87096823670994,0,81.92124454633793
20.89394995959766,57.548905330683915,0,87.50245195018276
21.522463325067907,68.73868437610146,1,102.84276152913756
26.47670786194133,54.29178993517137,1,117.38135012235745
27.440208901386534,55.96326603580111,1,98.01925774055474
20.095084953473084,43.47368073220428,0,87.90184092954722
22.073290230032914,42.163923811641915,0,97.07298395001665
28.59748341845531,63.21840922452408,1,92.28532319494538
26.019146826369635,65.08355886556383,1,101.91757953369502
21.839627477492577,69.11215128003215,1,106.12923652636657
28.822501045449116,60.78595149256689,1,100.17119259931403
28.433932236067125,64.2482583593096,0,102.16863487445163
26.705675354413337,59.058543371544616,0,98.71531015969182
22.916321083636284,67.60562381782437,1,85.69469580956567
20.64471057870298,45.9060779519116,0,85.15939252822277
23.611639836502697,48.26657881565726,1,90.47207668958485
21.378874004039304,54.27165083252481,0,85.32437104847942
28.29744787917081,42.13007841742456,1,113.35198823412253
26.65729091024375,48.48378503366604,1,89.1839034514474
23.737716983011307,41.46358854283793,1,112.07680640949125
20.761343063291665,40.04613606163486,1,102.81014949037157
28.706443360215005,53.565286675364064,0,118.8655115557967
26.694501405354725,55.31269042487564,0,97.85048627740906
25.75672886750816,53.57300653669998,0,82.18595595091628
26.020222885108364,50.51514080845644,1,119.83884079751567
22.523174184507656,48.90631297259416,0,85.56413130083658
24.238930135844477,69.58744000649509,0,109.2812929814433
26.483602158319016,69.63025061659815,1,91.73094738748381
